Time(s),Input,Output_Displacement
1.6,0.248,5.194
1.7,0.258,5.203
1.8,0.267,5.211
1.9,0.277,5.219
2,0.286,5.228
2.1,0.296,5.236
2.2,0.305,5.244
2.3,0.315,5.252
2.4,0.324,5.260
2.5,0.334,5.269
2.6,0.343,5.277
2.7,0.353,5.285
2.8,0.362,5.293
2.9,0.371,5.301
3,0.381,5.309
3.1,0.390,5.317
3.2,0.399,5.325
3.3,0.408,5.333
3.4,0.417,5.340
3.5,0.426,5.348
3.6,0.435,5.356
3.7,0.444,5.364
3.8,0.453,5.372
3.9,0.462,5.379
4,0.471,5.387
4.1,0.480,5.394
4.2,0.489,5.402
4.3,0.497,5.410
4.4,0.506,5.417
4.5,0.515,5.425
4.6,0.523,5.432
4.7,0.532,5.439
4.8,0.540,5.447
4.9,0.548,5.454
5,0.557,5.461
5.1,0.565,5.468
5.2,0.573,5.475
5.3,0.581,5.482
5.4,0.590,5.490
5.5,0.598,5.497
5.6,0.606,5.503
5.7,0.613,5.510
5.8,0.621,5.517
5.9,0.629,5.524
5.99999999999999,0.637,5.531
6.09999999999999,0.645,5.537
6.19999999999999,0.652,5.544
6.29999999999999,0.660,5.551
6.39999999999999,0.667,5.557
6.49999999999999,0.675,5.564
6.59999999999999,0.682,5.570
6.69999999999999,0.689,5.576
6.79999999999999,0.696,5.583
6.89999999999999,0.704,5.589
6.99999999999999,0.711,5.595
7.09999999999999,0.718,5.601
7.19999999999999,0.725,5.607
7.29999999999999,0.731,5.613
7.39999999999999,0.738,5.619
7.49999999999999,0.745,5.625
7.59999999999999,0.752,5.631
7.69999999999999,0.758,5.637
7.79999999999999,0.765,5.642
7.89999999999999,0.771,5.648
7.99999999999999,0.777,5.653
8.09999999999999,0.784,5.659
8.19999999999999,0.790,5.664
8.29999999999999,0.796,5.670
8.39999999999999,0.802,5.675
8.49999999999999,0.808,5.680
8.59999999999999,0.814,5.685
8.69999999999999,0.819,5.690
8.79999999999998,0.825,5.695
8.89999999999998,0.831,5.700
8.99999999999998,0.836,5.705
9.09999999999998,0.842,5.710
9.19999999999998,0.847,5.715
9.29999999999998,0.852,5.719
9.39999999999998,0.858,5.724
9.49999999999998,0.863,5.729
9.59999999999998,0.868,5.733
9.69999999999998,0.873,5.737
9.79999999999998,0.877,5.742
9.89999999999998,0.882,5.746
9.99999999999998,0.887,5.750
10.1,0.891,5.754
10.2,0.896,5.758
10.3,0.900,5.762
10.4,0.905,5.766
10.5,0.909,5.770
10.6,0.913,5.773
10.7,0.917,5.777
10.8,0.921,5.781
10.9,0.925,5.784
11,0.929,5.787
11.1,0.932,5.791
11.2,0.936,5.794
11.3,0.939,5.797
11.4,0.943,5.800
11.5,0.946,5.803
11.6,0.949,5.806
11.7,0.952,5.809
11.8,0.955,5.812
11.9,0.958,5.814
12,0.961,5.817
12.1,0.964,5.819
12.2,0.966,5.822
12.3,0.969,5.824
12.4,0.971,5.826
12.5,0.974,5.828
12.6,0.976,5.831
12.7,0.978,5.833
12.8,0.980,5.834
12.9,0.982,5.836
13,0.984,5.838
13.1,0.986,5.840
13.2,0.987,5.841
13.3,0.989,5.843
13.4,0.990,5.844
13.5,0.992,5.846
13.6,0.993,5.847
13.7,0.994,5.848
13.8,0.995,5.849
13.9,0.996,5.850
14,0.997,5.851
14.1,0.998,5.852
14.2,0.998,5.853
14.3,0.999,5.853
14.4,0.999,5.854
14.5,1.000,5.854
14.6,1.000,5.855
14.7,1.000,5.855
14.8,1.000,5.855
14.9,1.000,5.855
15,1.000,5.855
15.1,1.000,5.855
15.2,0.999,5.855
15.3,0.999,5.855
15.4,0.998,5.855
15.5,0.998,5.854
15.6,0.997,5.854
15.7,0.996,5.853
15.8,0.995,5.853
15.9,0.994,5.852
16,0.993,5.851
16.1,0.992,5.850
16.2,0.990,5.849
16.3,0.989,5.848
16.4,0.987,5.847
16.5,0.986,5.846
16.6,0.984,5.845
16.7,0.982,5.843
16.8,0.980,5.842
16.9,0.978,5.840
17,0.976,5.839
17.1,0.974,5.837
17.2,0.971,5.835
17.3,0.969,5.833
17.4,0.966,5.831
17.5,0.964,5.829
17.6,0.961,5.827
17.7,0.958,5.825
17.8,0.955,5.822
17.9,0.952,5.820
18,0.949,5.818
18.1,0.946,5.815
18.2,0.943,5.812
18.3,0.939,5.810
18.4,0.936,5.807
18.5,0.932,5.804
18.6,0.929,5.801
18.7,0.925,5.798
18.8,0.921,5.795
18.9,0.917,5.792
19,0.913,5.788
19.1,0.909,5.785
19.2,0.905,5.782
19.3,0.901,5.778
19.4,0.896,5.774
19.5,0.892,5.771
19.6,0.887,5.767
19.7,0.882,5.763
19.8,0.878,5.759
19.9,0.873,5.755
20,0.868,5.751
20.1,0.863,5.747
20.2,0.858,5.743
20.3,0.853,5.739
20.4,0.847,5.734
20.5,0.842,5.730
20.6,0.837,5.725
20.7,0.831,5.721
20.8,0.826,5.716
20.9,0.820,5.711
21,0.814,5.707
21.1,0.808,5.702
21.2,0.802,5.697
21.3,0.796,5.692
21.4,0.790,5.687
21.5,0.784,5.682
21.6,0.778,5.677
21.7,0.771,5.671
21.8,0.765,5.666
21.9,0.759,5.661
22,0.752,5.655
22.1,0.745,5.650
22.2,0.739,5.644
22.3,0.732,5.638
22.4,0.725,5.633
22.5,0.718,5.627
22.6000000000001,0.711,5.621
22.7000000000001,0.704,5.615
22.8000000000001,0.697,5.609
22.9000000000001,0.690,5.603
23.0000000000001,0.682,5.597
23.1000000000001,0.675,5.591
23.2000000000001,0.668,5.584
23.3000000000001,0.660,5.578
23.4000000000001,0.653,5.572
23.5000000000001,0.645,5.565
23.6000000000001,0.637,5.559
23.7000000000001,0.630,5.553
23.8000000000001,0.622,5.546
23.9000000000001,0.614,5.539
24.0000000000001,0.606,5.533
24.1000000000001,0.598,5.526
24.2000000000001,0.590,5.519
24.3000000000001,0.582,5.512
24.4000000000001,0.574,5.506
24.5000000000001,0.566,5.499
24.6000000000001,0.557,5.492
24.7000000000001,0.549,5.485
24.8000000000001,0.541,5.478
24.9000000000001,0.532,5.470
25.0000000000001,0.524,5.463
25.1000000000001,0.515,5.456
25.2000000000001,0.507,5.449
25.3000000000001,0.498,5.441
25.4000000000001,0.489,5.434
25.5000000000001,0.480,5.427
25.6000000000001,0.472,5.419
25.7000000000001,0.463,5.412
25.8000000000001,0.454,5.404
25.9000000000001,0.445,5.397
26.0000000000001,0.436,5.389
26.1000000000001,0.427,5.381
26.2000000000001,0.418,5.374
26.3000000000001,0.409,5.366
26.4000000000001,0.400,5.358
26.5000000000001,0.390,5.351
26.6000000000001,0.381,5.343
26.7000000000001,0.372,5.335
26.8000000000001,0.363,5.327
26.9000000000001,0.353,5.319
27.0000000000001,0.344,5.311
27.1000000000001,0.335,5.303
27.2000000000001,0.325,5.295
27.3000000000001,0.316,5.287
27.4000000000001,0.306,5.279
27.5000000000001,0.297,5.271
27.6000000000001,0.287,5.263
27.7000000000001,0.277,5.255
27.8000000000001,0.268,5.246
27.9000000000001,0.258,5.238
28.0000000000001,0.249,5.230
28.1000000000001,0.239,5.222
28.2000000000001,0.229,5.214
28.3000000000001,0.219,5.205
28.4000000000001,0.210,5.197
28.5000000000001,0.200,5.189
28.6000000000001,0.190,5.180
28.7000000000001,0.180,5.172
28.8000000000001,0.170,5.163
28.9000000000001,0.160,5.155
29.0000000000001,0.151,5.147
29.1000000000001,0.141,5.138
29.2000000000001,0.131,5.130
29.3000000000001,0.121,5.121
29.4000000000001,0.111,5.113
29.5000000000001,0.101,5.104
29.6000000000002,0.091,5.096
29.7000000000002,0.081,5.087
29.8000000000002,0.071,5.079
29.9000000000002,0.061,5.070
30.0000000000002,0.051,5.062
30.1000000000002,0.041,5.053
30.2000000000002,0.031,5.045
30.3000000000002,0.021,5.036
30.4000000000002,0.011,5.028
30.5000000000002,0.001,5.019
30.6000000000002,-0.009,5.011
30.7000000000002,-0.019,5.002
30.8000000000002,-0.029,4.993
30.9000000000002,-0.039,4.985
31.0000000000002,-0.049,4.976
31.1000000000002,-0.059,4.968
31.2000000000002,-0.069,4.959
31.3000000000002,-0.079,4.951
31.4000000000002,-0.089,4.942
31.5000000000002,-0.099,4.934
31.6000000000002,-0.109,4.925
31.7000000000002,-0.119,4.917
31.8000000000002,-0.128,4.908
31.9000000000002,-0.138,4.900
32.0000000000002,-0.148,4.891
32.1000000000002,-0.158,4.883
32.2000000000002,-0.168,4.874
32.3000000000002,-0.178,4.866
32.4000000000002,-0.188,4.857
32.5000000000002,-0.198,4.849
32.6000000000002,-0.207,4.840
32.7000000000002,-0.217,4.832
32.8000000000002,-0.227,4.824
32.9000000000002,-0.237,4.815
33.0000000000002,-0.246,4.807
33.1000000000002,-0.256,4.799
33.2000000000002,-0.266,4.790
33.3000000000002,-0.275,4.782
33.4000000000002,-0.285,4.774
33.5000000000002,-0.294,4.765
33.6000000000002,-0.304,4.757
33.7000000000002,-0.313,4.749
33.8000000000002,-0.323,4.741
33.9000000000002,-0.332,4.733
34.0000000000002,-0.342,4.725
34.1000000000002,-0.351,4.717
34.2000000000002,-0.361,4.709
34.3000000000002,-0.370,4.701
34.4000000000002,-0.379,4.693
34.5000000000002,-0.388,4.685
34.6000000000002,-0.398,4.677
34.7000000000002,-0.407,4.669
34.8000000000002,-0.416,4.661
34.9000000000002,-0.425,4.653
35.0000000000002,-0.434,4.645
35.1000000000002,-0.443,4.637
35.2000000000002,-0.452,4.630
35.3000000000002,-0.461,4.622
35.4000000000002,-0.470,4.614
35.5000000000002,-0.478,4.607
35.6000000000002,-0.487,4.599
35.7000000000002,-0.496,4.592
35.8000000000002,-0.505,4.584
35.9000000000002,-0.513,4.577
36.0000000000002,-0.522,4.569
36.1000000000002,-0.530,4.562
36.2000000000002,-0.539,4.555
36.3000000000002,-0.547,4.547
36.4000000000002,-0.555,4.540
36.5000000000002,-0.564,4.533
36.6000000000003,-0.572,4.526
36.7000000000003,-0.580,4.519
36.8000000000003,-0.588,4.512
36.9000000000003,-0.596,4.505
37.0000000000003,-0.604,4.498
37.1000000000003,-0.612,4.491
37.2000000000003,-0.620,4.484
37.3000000000003,-0.628,4.477
37.4000000000003,-0.636,4.470
37.5000000000003,-0.643,4.464
37.6000000000003,-0.651,4.457
37.7000000000003,-0.659,4.450
37.8000000000003,-0.666,4.444
37.9000000000003,-0.673,4.437
38.0000000000003,-0.681,4.431
38.1000000000003,-0.688,4.425
38.2000000000003,-0.695,4.418
38.3000000000003,-0.702,4.412
38.4000000000003,-0.710,4.406
38.5000000000003,-0.717,4.400
38.6000000000003,-0.723,4.394
38.7000000000003,-0.730,4.388
38.8000000000003,-0.737,4.382
38.9000000000003,-0.744,4.376
39.0000000000003,-0.751,4.370
39.1000000000003,-0.757,4.364
39.2000000000003,-0.764,4.359
39.3000000000003,-0.770,4.353
39.4000000000003,-0.776,4.347
39.5000000000003,-0.783,4.342
39.6000000000003,-0.789,4.337
39.7000000000003,-0.795,4.331
39.8000000000003,-0.801,4.326
39.9000000000003,-0.807,4.321
40.0000000000003,-0.813,4.315
40.1000000000003,-0.819,4.310
40.2000000000003,-0.824,4.305
40.3000000000003,-0.830,4.300
40.4000000000003,-0.835,4.296
40.5000000000003,-0.841,4.291
40.6000000000003,-0.846,4.286
40.7000000000003,-0.852,4.281
40.8000000000003,-0.857,4.277
40.9000000000003,-0.862,4.272
41.0000000000003,-0.867,4.268
41.1000000000003,-0.872,4.263
41.2000000000003,-0.877,4.259
41.3000000000003,-0.881,4.255
41.4000000000003,-0.886,4.251
41.5000000000003,-0.891,4.247
41.6000000000003,-0.895,4.243
41.7000000000003,-0.900,4.239
41.8000000000003,-0.904,4.235
41.9000000000003,-0.908,4.231
42.0000000000003,-0.912,4.227
42.1000000000003,-0.916,4.224
42.2000000000003,-0.920,4.220
42.3000000000003,-0.924,4.217
42.4000000000003,-0.928,4.213
42.5000000000003,-0.932,4.210
42.6000000000003,-0.935,4.207
42.7000000000003,-0.939,4.203
42.8000000000003,-0.942,4.200
42.9000000000003,-0.945,4.197
43.0000000000003,-0.949,4.194
43.1000000000003,-0.952,4.192
43.2000000000003,-0.955,4.189
43.3000000000003,-0.958,4.186
43.4000000000003,-0.961,4.184
43.5000000000003,-0.963,4.181
43.6000000000003,-0.966,4.179
43.7000000000004,-0.968,4.176
43.8000000000004,-0.971,4.174
43.9000000000004,-0.973,4.172
44.0000000000004,-0.975,4.170
44.1000000000004,-0.978,4.168
44.2000000000004,-0.980,4.166
44.3000000000004,-0.982,4.164
44.4000000000004,-0.983,4.162
44.5000000000004,-0.985,4.161
44.6000000000004,-0.987,4.159
44.7000000000004,-0.988,4.157
44.8000000000004,-0.990,4.156
44.9000000000004,-0.991,4.155
45.0000000000004,-0.993,4.153
45.1000000000004,-0.994,4.152
45.2000000000004,-0.995,4.151
45.3000000000004,-0.996,4.150
45.4000000000004,-0.997,4.149
45.5000000000004,-0.997,4.148
45.6000000000004,-0.998,4.148
45.7000000000004,-0.999,4.147
45.8000000000004,-0.999,4.146
45.9000000000004,-0.999,4.146
46.0000000000004,-1.000,4.145
46.1000000000004,-1.000,4.145
46.2000000000004,-1.000,4.145
46.3000000000004,-1.000,4.145
46.4000000000004,-1.000,4.145
46.5000000000004,-1.000,4.145
46.6000000000004,-0.999,4.145
46.7000000000004,-0.999,4.145
46.8000000000004,-0.998,4.145
46.9000000000004,-0.998,4.146
47.0000000000004,-0.997,4.146
47.1000000000004,-0.996,4.147
47.2000000000004,-0.995,4.147
47.3000000000004,-0.994,4.148
47.4000000000004,-0.993,4.149
47.5000000000004,-0.992,4.150
47.6000000000004,-0.990,4.150
47.7000000000004,-0.989,4.152
47.8000000000004,-0.988,4.153
47.9000000000004,-0.986,4.154
48.0000000000004,-0.984,4.155
48.1000000000004,-0.982,4.157
48.2000000000004,-0.980,4.158
48.3000000000004,-0.978,4.160
48.4000000000004,-0.976,4.161
48.5000000000004,-0.974,4.163
48.6000000000004,-0.972,4.165
48.7000000000004,-0.969,4.167
48.8000000000004,-0.967,4.169
48.9000000000004,-0.964,4.171
49.0000000000004,-0.962,4.173
49.1000000000004,-0.959,4.175
49.2000000000004,-0.956,4.177
49.3000000000004,-0.953,4.180
49.4000000000004,-0.950,4.182
49.5000000000004,-0.947,4.185
49.6000000000004,-0.943,4.187
49.7000000000004,-0.940,4.190
49.8000000000004,-0.937,4.193
49.9000000000004,-0.933,4.196
50.0000000000004,-0.929,4.199
50.1000000000004,-0.926,4.202
50.2000000000004,-0.922,4.205
50.3000000000004,-0.918,4.208
50.4000000000004,-0.914,4.211
50.5000000000004,-0.910,4.214
50.6000000000004,-0.906,4.218
50.7000000000005,-0.901,4.221
50.8000000000005,-0.897,4.225
50.9000000000005,-0.892,4.229
51.0000000000005,-0.888,4.232
51.1000000000005,-0.883,4.236
51.2000000000005,-0.879,4.240
51.3000000000005,-0.874,4.244
51.4000000000005,-0.869,4.248
51.5000000000005,-0.864,4.252
51.6000000000005,-0.859,4.256
51.7000000000005,-0.854,4.261
51.8000000000005,-0.848,4.265
51.9000000000005,-0.843,4.269
52.0000000000005,-0.838,4.274
52.1000000000005,-0.832,4.278
52.2000000000005,-0.826,4.283
52.3000000000005,-0.821,4.288
52.4000000000005,-0.815,4.293
52.5000000000005,-0.809,4.297
52.6000000000005,-0.803,4.302
52.7000000000005,-0.797,4.307
52.8000000000005,-0.791,4.312
52.9000000000005,-0.785,4.317
53.0000000000005,-0.779,4.323
53.1000000000005,-0.772,4.328
53.2000000000005,-0.766,4.333
53.3000000000005,-0.760,4.339
53.4000000000005,-0.753,4.344
53.5000000000005,-0.746,4.350
53.6000000000005,-0.740,4.355
53.7000000000005,-0.733,4.361
53.8000000000005,-0.726,4.367
53.9000000000005,-0.719,4.372
54.0000000000005,-0.712,4.378
54.1000000000005,-0.705,4.384
54.2000000000005,-0.698,4.390
54.3000000000005,-0.691,4.396
54.4000000000005,-0.684,4.402
54.5000000000005,-0.676,4.408
54.6000000000005,-0.669,4.415
54.7000000000005,-0.661,4.421
54.8000000000005,-0.654,4.427
54.9000000000005,-0.646,4.433
55.0000000000005,-0.639,4.440
55.1000000000005,-0.631,4.446
55.2000000000005,-0.623,4.453
55.3000000000005,-0.615,4.460
55.4000000000005,-0.607,4.466
55.5000000000005,-0.599,4.473
55.6000000000005,-0.591,4.480
55.7000000000005,-0.583,4.487
55.8000000000005,-0.575,4.493
55.9000000000005,-0.567,4.500
56.0000000000005,-0.559,4.507
56.1000000000005,-0.550,4.514
56.2000000000005,-0.542,4.521
56.3000000000005,-0.534,4.528
56.4000000000005,-0.525,4.536
56.5000000000005,-0.516,4.543
56.6000000000005,-0.508,4.550
56.7000000000005,-0.499,4.557
56.8000000000005,-0.491,4.565
56.9000000000005,-0.482,4.572
57.0000000000005,-0.473,4.580
57.1000000000005,-0.464,4.587
57.2000000000005,-0.455,4.595
57.3000000000005,-0.446,4.602
57.4000000000005,-0.437,4.610
57.5000000000005,-0.428,4.617
57.6000000000005,-0.419,4.625
57.7000000000005,-0.410,4.633
57.8000000000006,-0.401,4.640
57.9000000000006,-0.392,4.648
58.0000000000006,-0.383,4.656
58.1000000000006,-0.373,4.664
58.2000000000006,-0.364,4.672
58.3000000000006,-0.355,4.680
58.4000000000006,-0.345,4.688
58.5000000000006,-0.336,4.696
58.6000000000006,-0.327,4.704
58.7000000000006,-0.317,4.712
58.8000000000006,-0.308,4.720
58.9000000000006,-0.298,4.728
59.0000000000006,-0.289,4.736
59.1000000000006,-0.279,4.744
59.2000000000006,-0.269,4.752
59.3000000000006,-0.260,4.760
59.4000000000006,-0.250,4.769
59.5000000000006,-0.240,4.777
59.6000000000006,-0.231,4.785
59.7000000000006,-0.221,4.793
59.8000000000006,-0.211,4.802
59.9000000000006,-0.201,4.810
60.0000000000006,-0.192,4.818
60.1000000000006,-0.182,4.827
60.2000000000006,-0.172,4.835
60.3000000000006,-0.162,4.844
60.4000000000006,-0.152,4.852
60.5000000000006,-0.142,4.860
60.6000000000006,-0.132,4.869
60.7000000000006,-0.122,4.877
60.8000000000006,-0.113,4.886
60.9000000000006,-0.103,4.894
61.0000000000006,-0.093,4.903
61.1000000000006,-0.083,4.911
61.2000000000006,-0.073,4.920
61.3000000000006,-0.063,4.928
61.4000000000006,-0.053,4.937
61.5000000000006,-0.043,4.945
61.6000000000006,-0.033,4.954
61.7000000000006,-0.023,4.962
61.8000000000006,-0.013,4.971
61.9000000000006,-0.003,4.980
62.0000000000006,0.007,4.988
62.1000000000006,0.017,4.997
62.2000000000006,0.027,5.005
62.3000000000006,0.037,5.014
62.4000000000006,0.047,5.022
62.5000000000006,0.057,5.031
62.6000000000006,0.067,5.039
62.7000000000006,0.077,5.048
62.8000000000006,0.087,5.057
62.9000000000006,0.097,5.065
63.0000000000006,0.107,5.074
63.1000000000006,0.117,5.082
63.2000000000006,0.127,5.091
63.3000000000006,0.137,5.099
63.4000000000006,0.147,5.108
63.5000000000006,0.157,5.116
63.6000000000006,0.166,5.125
63.7000000000006,0.176,5.133
63.8000000000006,0.186,5.141
63.9000000000006,0.196,5.150
64.0000000000006,0.206,5.158
64.1000000000006,0.216,5.167
64.2000000000006,0.225,5.175
64.3000000000006,0.235,5.183
64.4000000000006,0.245,5.192
64.5000000000006,0.254,5.200
64.6000000000006,0.264,5.208
64.7000000000006,0.274,5.217
64.8000000000006,0.283,5.225
64.9000000000006,0.293,5.233
65.0000000000006,0.302,5.241
65.1000000000006,0.312,5.250
65.2000000000006,0.321,5.258
65.3000000000006,0.331,5.266
65.4000000000006,0.340,5.274
65.5000000000006,0.350,5.282
65.6000000000005,0.359,5.290
65.7000000000005,0.368,5.298
65.8000000000005,0.378,5.306
65.9000000000005,0.387,5.314
66.0000000000005,0.396,5.322
66.1000000000005,0.405,5.330
66.2000000000005,0.414,5.338
66.3000000000005,0.423,5.346
66.4000000000005,0.432,5.354
66.5000000000005,0.441,5.361
66.6000000000005,0.450,5.369
66.7000000000005,0.459,5.377
66.8000000000005,0.468,5.384
66.9000000000005,0.477,5.392
67.0000000000005,0.486,5.400
67.1000000000005,0.494,5.407
67.2000000000005,0.503,5.415
67.3000000000005,0.512,5.422
67.4000000000004,0.520,5.430
67.5000000000004,0.529,5.437
67.6000000000004,0.537,5.444
67.7000000000004,0.546,5.452
67.8000000000004,0.554,5.459
67.9000000000004,0.562,5.466
68.0000000000004,0.571,5.473
68.1000000000004,0.579,5.480
68.2000000000004,0.587,5.487
68.3000000000004,0.595,5.494
68.4000000000004,0.603,5.501
68.5000000000004,0.611,5.508
68.6000000000004,0.619,5.515
68.7000000000004,0.627,5.522
68.8000000000004,0.634,5.529
68.9000000000004,0.642,5.535
69.0000000000004,0.650,5.542
69.1000000000003,0.657,5.549
69.2000000000003,0.665,5.555
69.3000000000003,0.672,5.562
69.4000000000003,0.680,5.568
69.5000000000003,0.687,5.574
69.6000000000003,0.694,5.581
69.7000000000003,0.701,5.587
69.8000000000003,0.708,5.593
69.9000000000003,0.715,5.599
70.0000000000003,0.722,5.605
70.1000000000003,0.729,5.611
70.2000000000003,0.736,5.617
70.3000000000003,0.743,5.623
70.4000000000003,0.749,5.629
70.5000000000003,0.756,5.635
70.6000000000003,0.763,5.640
70.7000000000003,0.769,5.646
70.8000000000003,0.775,5.652
70.9000000000002,0.782,5.657
71.0000000000002,0.788,5.663
71.1000000000002,0.794,5.668
71.2000000000002,0.800,5.673
71.3000000000002,0.806,5.679
71.4000000000002,0.812,5.684
71.5000000000002,0.818,5.689
71.6000000000002,0.823,5.694
71.7000000000002,0.829,5.699
71.8000000000002,0.835,5.704
71.9000000000002,0.840,5.709
72.0000000000002,0.845,5.713
72.1000000000002,0.851,5.718
72.2000000000002,0.856,5.723
72.3000000000002,0.861,5.727
72.4000000000002,0.866,5.732
72.5000000000002,0.871,5.736
72.6000000000002,0.876,5.740
72.7000000000001,0.881,5.745
72.8000000000001,0.885,5.749
72.9000000000001,0.890,5.753
73.0000000000001,0.894,5.757
73.1000000000001,0.899,5.761
73.2000000000001,0.903,5.765
73.3000000000001,0.907,5.768
73.4000000000001,0.912,5.772
73.5000000000001,0.916,5.776
73.6000000000001,0.920,5.779
73.7000000000001,0.924,5.783
73.8000000000001,0.927,5.786
73.9000000000001,0.931,5.790
74.0000000000001,0.935,5.793
74.1000000000001,0.938,5.796
74.2000000000001,0.942,5.799
74.3000000000001,0.945,5.802
74.4,0.948,5.805
74.5,0.951,5.808
74.6,0.954,5.811
74.7,0.957,5.813
74.8,0.960,5.816
74.9,0.963,5.819
75,0.965,5.821
75.1,0.968,5.823
75.2,0.970,5.826
75.3,0.973,5.828
75.4,0.975,5.830
75.5,0.977,5.832
75.6,0.979,5.834
75.7,0.981,5.836
75.8,0.983,5.838
75.9,0.985,5.839
76,0.987,5.841
76.1,0.988,5.842
76.1999999999999,0.990,5.844
76.2999999999999,0.991,5.845
76.3999999999999,0.992,5.846
76.4999999999999,0.994,5.848
76.5999999999999,0.995,5.849
76.6999999999999,0.996,5.850
76.7999999999999,0.997,5.851
76.8999999999999,0.997,5.852
76.9999999999999,0.998,5.852
77.0999999999999,0.999,5.853
77.1999999999999,0.999,5.854
77.2999999999999,0.999,5.854
77.3999999999999,1.000,5.855
77.4999999999999,1.000,5.855
77.5999999999999,1.000,5.855
77.6999999999999,1.000,5.855
77.7999999999999,1.000,5.855
77.8999999999998,1.000,5.855
77.9999999999998,0.999,5.855
78.0999999999998,0.999,5.855
78.1999999999998,0.998,5.855
78.2999999999998,0.998,5.854
78.3999999999998,0.997,5.854
78.4999999999998,0.996,5.854
78.5999999999998,0.995,5.853
78.6999999999998,0.994,5.852
78.7999999999998,0.993,5.851
78.8999999999998,0.992,5.851
78.9999999999998,0.991,5.850
79.0999999999998,0.989,5.849
79.1999999999998,0.988,5.848
79.2999999999998,0.986,5.846
79.3999999999998,0.984,5.845
79.4999999999998,0.983,5.844
79.5999999999998,0.981,5.842
79.6999999999997,0.979,5.841
79.7999999999997,0.977,5.839
79.8999999999997,0.974,5.837
79.9999999999997,0.972,5.836
80.0999999999997,0.970,5.834
80.1999999999997,0.967,5.832
80.2999999999997,0.965,5.830
80.3999999999997,0.962,5.828
80.4999999999997,0.959,5.825
80.5999999999997,0.956,5.823
80.6999999999997,0.953,5.821
80.7999999999997,0.950,5.818
80.8999999999997,0.947,5.816
80.9999999999997,0.944,5.813
81.0999999999997,0.941,5.811
81.1999999999997,0.937,5.808
81.2999999999997,0.934,5.805
81.3999999999997,0.930,5.802
81.4999999999996,0.926,5.799
81.5999999999996,0.922,5.796
81.6999999999996,0.919,5.793
81.7999999999996,0.915,5.789
81.8999999999996,0.910,5.786
81.9999999999996,0.906,5.783
82.0999999999996,0.902,5.779
82.1999999999996,0.898,5.776
82.2999999999996,0.893,5.772
82.3999999999996,0.889,5.768
82.4999999999996,0.884,5.764
82.5999999999996,0.879,5.761
82.6999999999996,0.874,5.757
82.7999999999996,0.870,5.753
82.8999999999996,0.865,5.748
82.9999999999996,0.860,5.744
83.0999999999996,0.854,5.740
83.1999999999995,0.849,5.736
83.2999999999995,0.844,5.731
83.3999999999995,0.838,5.727
83.4999999999995,0.833,5.722
83.5999999999995,0.827,5.718
83.6999999999995,0.822,5.713
83.7999999999995,0.816,5.708
83.8999999999995,0.810,5.703
83.9999999999995,0.804,5.698
84.0999999999995,0.798,5.694
84.1999999999995,0.792,5.688
84.2999999999995,0.786,5.683
84.3999999999995,0.780,5.678
84.4999999999995,0.773,5.673
84.5999999999995,0.767,5.668
84.6999999999995,0.761,5.662
84.7999999999995,0.754,5.657
84.8999999999995,0.748,5.651
84.9999999999994,0.741,5.646
85.0999999999994,0.734,5.640
85.1999999999994,0.727,5.634
85.2999999999994,0.720,5.629
85.3999999999994,0.713,5.623
85.4999999999994,0.706,5.617
85.5999999999994,0.699,5.611
85.6999999999994,0.692,5.605
85.7999999999994,0.685,5.599
85.8999999999994,0.677,5.593
85.9999999999994,0.670,5.586
86.0999999999994,0.663,5.580
86.1999999999994,0.655,5.574
86.2999999999994,0.648,5.568
86.3999999999994,0.640,5.561
86.4999999999994,0.632,5.555
86.5999999999994,0.624,5.548
86.6999999999993,0.617,5.541
86.7999999999993,0.609,5.535
86.8999999999993,0.601,5.528
86.9999999999993,0.593,5.521
87.0999999999993,0.585,5.515
87.1999999999993,0.576,5.508
87.2999999999993,0.568,5.501
87.3999999999993,0.560,5.494
87.4999999999993,0.552,5.487
87.5999999999993,0.543,5.480
87.6999999999993,0.535,5.473
87.7999999999993,0.526,5.466
87.8999999999993,0.518,5.458
87.9999999999993,0.509,5.451
88.0999999999993,0.501,5.444
88.1999999999993,0.492,5.436
88.2999999999993,0.483,5.429
88.3999999999993,0.474,5.422
88.4999999999992,0.466,5.414
88.5999999999992,0.457,5.407
88.6999999999992,0.448,5.399
88.7999999999992,0.439,5.392
88.8999999999992,0.430,5.384
88.9999999999992,0.421,5.376
89.0999999999992,0.412,5.369
89.1999999999992,0.403,5.361
89.2999999999992,0.393,5.353
89.3999999999992,0.384,5.345
89.4999999999992,0.375,5.337
89.5999999999992,0.366,5.330
89.6999999999992,0.356,5.322
89.7999999999992,0.347,5.314
89.8999999999992,0.338,5.306
89.9999999999992,0.328,5.298
90.0999999999992,0.319,5.290
90.1999999999992,0.309,5.282
90.2999999999991,0.300,5.274
90.3999999999991,0.290,5.265
90.4999999999991,0.281,5.257
90.5999999999991,0.271,5.249
90.6999999999991,0.261,5.241
90.7999999999991,0.252,5.233
90.8999999999991,0.242,5.224
90.9999999999991,0.232,5.216
91.0999999999991,0.222,5.208
91.1999999999991,0.213,5.200
91.2999999999991,0.203,5.191
91.3999999999991,0.193,5.183
91.4999999999991,0.183,5.175
91.5999999999991,0.173,5.166
91.6999999999991,0.164,5.158
91.7999999999991,0.154,5.149
91.8999999999991,0.144,5.141
91.999999999999,0.134,5.132
92.099999999999,0.124,5.124
92.199999999999,0.114,5.116
92.299999999999,0.104,5.107
92.399999999999,0.094,5.099
92.499999999999,0.084,5.090
92.599999999999,0.074,5.082
92.699999999999,0.064,5.073
92.799999999999,0.054,5.064
92.899999999999,0.044,5.056
92.999999999999,0.034,5.047
93.099999999999,0.024,5.039
93.199999999999,0.014,5.030
93.299999999999,0.004,5.022
93.399999999999,-0.006,5.013
93.499999999999,-0.016,5.005
93.599999999999,-0.026,4.996
93.699999999999,-0.036,4.988
93.7999999999989,-0.046,4.979
93.8999999999989,-0.056,4.970
93.9999999999989,-0.066,4.962
94.0999999999989,-0.076,4.953
94.1999999999989,-0.086,4.945
94.2999999999989,-0.096,4.936
94.3999999999989,-0.105,4.928
94.4999999999989,-0.115,4.919
94.5999999999989,-0.125,4.911
94.6999999999989,-0.135,4.902
94.7999999999989,-0.145,4.894
94.8999999999989,-0.155,4.885
94.9999999999989,-0.165,4.877
95.0999999999989,-0.175,4.868
95.1999999999989,-0.185,4.860
95.2999999999989,-0.194,4.851
95.3999999999989,-0.204,4.843
95.4999999999988,-0.214,4.835
95.5999999999988,-0.224,4.826
95.6999999999988,-0.233,4.818
95.7999999999988,-0.243,4.810
95.8999999999988,-0.253,4.801
95.9999999999988,-0.263,4.793
96.0999999999988,-0.272,4.785
96.1999999999988,-0.282,4.776
96.2999999999988,-0.291,4.768
96.3999999999988,0.000,4.760
96.4999999999988,0.000,4.752
96.5999999999988,0.000,4.790
96.6999999999988,0.000,4.859
96.7999999999988,0.000,4.939
96.8999999999988,0.000,5.015
96.9999999999988,0.000,5.072
97.0999999999988,0.000,5.105
97.1999999999988,0.000,5.112
97.2999999999987,0.000,5.097
97.3999999999987,0.000,5.068
97.4999999999987,0.000,5.032
97.5999999999987,0.000,4.998
97.6999999999987,0.000,4.971
97.7999999999987,0.000,4.955
97.8999999999987,0.000,4.950
97.9999999999987,0.000,4.955
98.0999999999987,0.000,4.967
98.1999999999987,0.000,4.983
98.2999999999987,0.000,4.999
98.3999999999987,0.000,5.011
98.4999999999987,0.000,5.020
98.5999999999987,0.000,5.022
98.6999999999987,0.000,5.021
98.7999999999987,0.000,5.016
0.1,0.000,5.009
0.2,0.000,5.002
0.3,0.000,4.996
0.4,0.000,4.992
0.5,0.000,4.990
0.6,0.000,4.991
0.7,0.000,4.993
0.8,0.000,4.996
0.9,0.000,4.999
1,0.000,5.002
1.1,0.000,5.004
1.2,0.000,5.004
1.3,0.000,5.004
1.4,0.000,5.003
1.5,0.000,5.002
1.6,0.000,5.001
1.7,0.000,4.999
1.8,0.000,4.999
1.9,0.000,4.998
2,0.000,4.998
2.1,0.000,4.998
2.2,0.000,4.999
2.3,0.000,5.000
2.4,0.000,5.000
2.5,0.000,5.001
2.6,0.000,5.001
2.7,0.000,5.001
2.8,0.000,5.001
2.9,0.000,5.001
3,0.000,5.000
3.1,0.000,5.000
3.2,0.000,5.000
3.3,0.000,5.000
3.4,0.000,5.000
3.5,0.000,5.000
3.6,0.000,5.000
3.7,0.000,5.000
3.8,0.000,5.000
3.9,0.000,5.000
4,0.000,5.000
4.1,0.000,5.000
4.2,0.000,5.000
4.3,0.000,5.000
4.4,0.000,5.000
4.5,0.000,5.000
4.6,0.000,5.000
4.7,0.000,5.000
4.8,0.000,5.000
4.9,0.000,5.000
5,0.000,5.000
5.1,0.000,5.000
5.2,0.000,5.000
5.3,0.000,5.000
5.4,0.000,5.000
5.5,0.000,5.000
5.6,0.000,5.000
5.7,0.000,5.000
5.8,0.000,5.000
5.9,0.000,5.000
5.99999999999999,0.000,5.000
6.09999999999999,0.000,5.000
6.19999999999999,0.000,5.000
6.29999999999999,0.000,5.000
6.39999999999999,0.000,5.000
6.49999999999999,0.000,5.000
6.59999999999999,0.000,5.000
6.69999999999999,0.000,5.000
6.79999999999999,0.000,5.000
6.89999999999999,0.000,5.000
6.99999999999999,0.000,5.000
7.09999999999999,0.000,5.000
7.19999999999999,0.000,5.000
7.29999999999999,0.050,5.000
7.39999999999999,0.100,5.000
7.49999999999999,0.149,5.008
7.59999999999999,0.199,5.028
7.69999999999999,0.247,5.062
7.79999999999999,0.296,5.109
7.89999999999999,0.343,5.165
7.99999999999999,0.389,5.226
8.09999999999999,0.435,5.286
8.19999999999999,0.479,5.343
8.29999999999999,0.523,5.394
8.39999999999999,0.565,5.437
8.49999999999999,0.605,5.473
8.59999999999999,0.644,5.504
8.69999999999999,0.682,5.531
8.79999999999998,0.717,5.556
8.89999999999998,0.751,5.581
8.99999999999998,0.783,5.607
9.09999999999998,0.813,5.634
9.19999999999998,0.841,5.662
9.29999999999998,0.867,5.690
9.39999999999998,0.891,5.718
9.49999999999998,0.913,5.745
9.59999999999998,0.932,5.769
9.69999999999998,0.949,5.791
9.79999999999998,0.964,5.809
9.89999999999998,0.976,5.824
9.99999999999998,0.985,5.836
10.1,0.993,5.845
10.2,0.997,5.852
10.3,1.000,5.857
10.4,1.000,5.860
10.5,0.997,5.862
10.6,0.992,5.862
10.7,0.984,5.860
10.8,0.974,5.856
10.9,0.961,5.851
11,0.946,5.843
11.1,0.929,5.833
11.2,0.909,5.821
11.3,0.887,5.806
11.4,0.863,5.789
11.5,0.837,5.770
11.6,0.808,5.749
11.7,0.778,5.726
11.8,0.746,5.702
11.9,0.711,5.675
12,0.675,5.648
12.1,0.638,5.618
12.2,0.598,5.587
12.3,0.558,5.555
12.4,0.516,5.522
12.5,0.472,5.487
12.6,0.427,5.450
12.7,0.382,5.413
12.8,0.335,5.375
12.9,0.287,5.335
13,0.239,5.295
13.1,0.190,5.254
13.2,0.141,5.212
13.3,0.091,5.170
13.4,0.042,5.127
13.5,-0.008,5.084
13.6,-0.058,5.041
13.7,-0.108,4.998
13.8,-0.158,4.955
13.9,-0.207,4.912
14,-0.256,4.869
14.1,-0.304,4.827
14.2,-0.351,4.784
14.3,-0.397,4.743
14.4,-0.443,4.702
14.5,-0.487,4.662
14.6,-0.530,4.622
14.7,-0.572,4.584
14.8,-0.612,4.547
14.9,-0.651,4.510
15,-0.688,4.475
15.1,-0.723,4.442
15.2,-0.757,4.409
15.3,-0.789,4.379
15.4,-0.818,4.349
15.5,-0.846,4.322
15.6,-0.872,4.296
15.7,-0.895,4.272
15.8,-0.916,4.249
15.9,-0.935,4.229
16,-0.952,4.210
16.1,-0.966,4.194
16.2,-0.978,4.179
16.3,-0.987,4.167
16.4,-0.994,4.156
16.5,-0.998,4.148
16.6,-1.000,4.142
16.7,-0.999,4.138
16.8,-0.996,4.136
16.9,-0.991,4.136
17,-0.982,4.138
17.1,-0.972,4.143
17.2,-0.959,4.150
17.3,-0.944,4.159
17.4,-0.926,4.170
17.5,-0.906,4.183
17.6,-0.883,4.198
17.7,-0.859,4.215
17.8,-0.832,4.234
17.9,-0.804,4.255
18,-0.773,4.278
18.1,-0.740,4.302
18.2,-0.706,4.329
18.3,-0.669,4.357
18.4,-0.631,4.386
18.5,-0.592,4.418
18.6,-0.551,4.450
18.7,-0.508,4.484
18.8,-0.465,4.519
18.9,-0.420,4.556
19,-0.374,4.594
19.1,-0.327,4.632
19.2,-0.279,4.672
19.3,-0.231,4.712
19.4,-0.182,4.753
19.5,-0.133,4.795
19.6,-0.083,4.837
19.7,-0.033,4.880
19.8,0.017,4.923
19.9,0.067,4.966
20,0.117,5.009
20.1,0.166,5.052
20.2,0.215,5.095
20.3,0.264,5.138
20.4,0.312,5.181
20.5,0.359,5.223
20.6,0.405,5.264
20.7,0.450,5.305
20.8,0.494,5.345
20.9,0.537,5.384
21,0.578,5.422
21.1,0.618,5.460
21.2,0.657,5.496
21.3,0.694,5.530
21.4,0.729,5.564
21.5,0.762,5.596
21.6,0.794,5.626
21.7,0.823,5.655
21.8,0.850,5.683
21.9,0.876,5.708
22,0.899,5.732
22.1,0.920,5.754
22.2,0.938,5.774
22.3,0.954,5.793
22.4,0.968,5.809
22.5,0.979,5.823
22.6000000000001,0.988,5.835
22.7000000000001,0.995,5.845
22.8000000000001,0.999,5.853
22.9000000000001,1.000,5.859
23.0000000000001,0.999,5.863
23.1000000000001,0.995,5.864
23.2000000000001,0.989,5.864
23.3000000000001,0.981,5.861
23.4000000000001,0.970,5.856
23.5000000000001,0.957,5.849
23.6000000000001,0.941,5.840
23.7000000000001,0.923,5.828
23.8000000000001,0.902,5.815
23.9000000000001,0.879,5.800
24.0000000000001,0.855,5.782
24.1000000000001,0.828,5.763
24.2000000000001,0.798,5.741
24.3000000000001,0.767,5.718
24.4000000000001,0.734,5.693
24.5000000000001,0.700,5.667
24.6000000000001,0.663,5.638
24.7000000000001,0.625,5.609
24.8000000000001,0.585,5.577
24.9000000000001,0.544,5.544
25.0000000000001,0.501,5.510
25.1000000000001,0.457,5.474
25.2000000000001,0.412,5.438
25.3000000000001,0.366,5.400
25.4000000000001,0.319,5.361
25.5000000000001,0.271,5.321
25.6000000000001,0.223,5.281
25.7000000000001,0.174,5.240
25.8000000000001,0.124,5.198
25.9000000000001,0.075,5.156
26.0000000000001,0.025,5.113
26.1000000000001,-0.025,5.070
26.2000000000001,-0.075,5.027
26.3000000000001,-0.125,4.984
26.4000000000001,-0.174,4.940
26.5000000000001,-0.223,4.897
26.6000000000001,-0.272,4.855
26.7000000000001,-0.320,4.812
26.8000000000001,-0.366,4.770
26.9000000000001,-0.413,4.729
27.0000000000001,-0.458,4.688
27.1000000000001,-0.501,4.648
27.2000000000001,-0.544,4.609
27.3000000000001,-0.585,4.571
27.4000000000001,-0.625,4.534
27.5000000000001,-0.663,4.499
27.6000000000001,-0.700,4.464
27.7000000000001,-0.735,4.431
27.8000000000001,-0.768,4.399
27.9000000000001,-0.799,4.369
28.0000000000001,-0.828,4.340
28.1000000000001,-0.855,4.313
28.2000000000001,-0.880,4.288
28.3000000000001,-0.902,4.264
28.4000000000001,-0.923,4.242
28.5000000000001,-0.941,4.222
28.6000000000001,-0.957,4.204
28.7000000000001,-0.970,4.189
28.8000000000001,-0.981,4.175
28.9000000000001,-0.989,4.163
29.0000000000001,-0.995,4.153
29.1000000000001,-0.999,4.146
29.2000000000001,-1.000,4.140
29.3000000000001,-0.999,4.137
29.4000000000001,-0.995,4.136
29.5000000000001,-0.988,4.137
29.6000000000002,-0.979,4.140
29.7000000000002,-0.968,4.145
29.8000000000002,-0.954,4.153
29.9000000000002,-0.938,4.162
30.0000000000002,-0.919,4.174
30.1000000000002,-0.899,4.187
30.2000000000002,-0.875,4.203
30.3000000000002,-0.850,4.221
30.4000000000002,-0.823,4.241
30.5000000000002,-0.793,4.262
30.6000000000002,-0.762,4.286
30.7000000000002,-0.729,4.311
30.8000000000002,-0.694,4.338
30.9000000000002,-0.657,4.366
31.0000000000002,-0.618,4.397
31.1000000000002,-0.578,4.428
31.2000000000002,-0.537,4.461
31.3000000000002,-0.494,4.496
31.4000000000002,-0.450,4.532
31.5000000000002,-0.404,4.569
31.6000000000002,-0.358,4.607
31.7000000000002,-0.311,4.645
31.8000000000002,-0.263,4.685
31.9000000000002,-0.215,4.726
32.0000000000002,-0.166,4.767
32.1000000000002,-0.116,4.809
32.2000000000002,-0.066,4.852
32.3000000000002,-0.016,4.894
32.4000000000002,0.034,4.937
32.5000000000002,0.084,4.980
32.6000000000002,0.133,5.024
32.7000000000002,0.183,5.067
32.8000000000002,0.232,5.110
32.9000000000002,0.280,5.153
33.0000000000002,0.327,5.195
33.1000000000002,0.374,5.237
33.2000000000002,0.420,5.278
33.3000000000002,0.000,5.318
33.4000000000002,0.000,5.358
33.5000000000002,0.000,5.325
33.6000000000002,0.000,5.240
33.7000000000002,0.000,5.128
33.8000000000002,0.000,5.016
33.9000000000002,0.000,4.923
34.0000000000002,0.000,4.863
34.1000000000002,0.000,4.840
34.2000000000002,0.000,4.851
34.3000000000002,0.000,4.886
34.4000000000002,0.000,4.935
34.5000000000002,0.000,4.986
34.6000000000002,0.000,5.029
34.7000000000002,0.000,5.058
34.8000000000002,0.000,5.071
34.9000000000002,0.000,5.068
35.0000000000002,0.000,5.054
35.1000000000002,0.000,5.032
35.2000000000002,0.000,5.009
35.3000000000002,0.000,4.989
35.4000000000002,0.000,4.975
35.5000000000002,0.000,4.969
35.6000000000002,0.000,4.969
35.7000000000002,0.000,4.975
35.8000000000002,0.000,4.984
35.9000000000002,0.000,4.994
36.0000000000002,0.000,5.004
36.1000000000002,0.000,5.010
36.2000000000002,0.000,5.014
36.3000000000002,0.000,5.014
36.4000000000002,0.000,5.012
36.5000000000002,0.000,5.008
36.6000000000003,0.000,5.003
36.7000000000003,0.000,4.999
36.8000000000003,0.000,4.996
36.9000000000003,0.000,4.994
37.0000000000003,0.000,4.994
37.1000000000003,0.000,4.995
37.2000000000003,0.000,4.996
37.3000000000003,0.000,4.998
37.4000000000003,0.000,5.000
37.5000000000003,0.000,5.002
37.6000000000003,0.000,5.003
37.7000000000003,0.000,5.003
37.8000000000003,0.000,5.003
37.9000000000003,0.000,5.002
38.0000000000003,0.000,5.001
38.1000000000003,0.000,5.000
38.2000000000003,0.000,4.999
38.3000000000003,0.000,4.999
38.4000000000003,0.000,4.999
38.5000000000003,0.000,4.999
38.6000000000003,0.000,4.999
38.7000000000003,0.000,5.000
38.8000000000003,0.000,5.000
38.9000000000003,0.000,5.000
39.0000000000003,0.000,5.000
39.1000000000003,0.000,5.001
39.2000000000003,0.000,5.001
39.3000000000003,0.000,5.000
39.4000000000003,0.000,5.000
39.5000000000003,0.000,5.000
39.6000000000003,0.000,5.000
39.7000000000003,0.000,5.000
39.8000000000003,0.000,5.000
39.9000000000003,0.000,5.000
40.0000000000003,0.000,5.000
40.1000000000003,0.000,5.000
40.2000000000003,0.000,5.000
40.3000000000003,0.000,5.000
40.4000000000003,0.000,5.000
40.5000000000003,0.000,5.000
40.6000000000003,0.000,5.000
40.7000000000003,0.000,5.000
40.8000000000003,0.000,5.000
40.9000000000003,0.000,5.000
41.0000000000003,0.000,5.000
41.1000000000003,0.000,5.000
41.2000000000003,0.000,5.000
41.3000000000003,0.000,5.000
41.4000000000003,0.717,5.000
41.5000000000003,1.000,5.000
41.6000000000003,0.675,5.111
41.7000000000003,-0.058,5.335
41.8000000000003,-0.757,5.557
41.9000000000003,-0.996,5.625
42.0000000000003,-0.631,5.448
42.1000000000003,0.117,5.072
42.2000000000003,0.794,4.660
42.3000000000003,0.989,4.412
42.4000000000003,0.585,4.443
42.5000000000003,-0.174,4.722
42.6000000000003,-0.828,5.086
42.7000000000003,-0.979,5.334
42.8000000000003,-0.537,5.343
42.9000000000003,0.232,5.136
43.0000000000003,0.859,4.864
43.1000000000003,0.966,4.707
43.2000000000003,0.486,4.767
43.3000000000003,-0.288,5.008
43.4000000000003,-0.888,5.274
43.5000000000003,-0.949,5.392
43.6000000000003,-0.435,5.277
43.7000000000004,0.343,4.989
43.8000000000004,0.913,4.693
43.9000000000004,0.929,4.566
44.0000000000004,0.381,4.685
44.1000000000004,-0.398,4.980
44.2000000000004,-0.935,5.279
44.3000000000004,-0.906,5.405
44.4000000000004,-0.327,5.288
44.5000000000004,0.450,5.001
44.6000000000004,0.954,4.722
44.7000000000004,0.879,4.619
44.8000000000004,0.271,4.754
44.9000000000004,-0.502,5.042
45.0000000000004,-0.970,5.307
45.1000000000004,-0.850,5.385
45.2000000000004,-0.214,5.227
45.3000000000004,0.551,4.928
45.4000000000004,0.983,4.669
45.5000000000004,0.818,4.608
45.6000000000004,0.157,4.783
45.7000000000004,-0.599,5.088
45.8000000000004,-0.992,5.340
45.9000000000004,-0.783,5.387
46.0000000000004,-0.099,5.201
46.1000000000004,0.645,4.894
46.2000000000004,0.998,4.653
46.3000000000004,0.745,4.624
46.4000000000004,0.041,4.823
46.5000000000004,-0.688,5.130
46.6000000000004,-1.000,5.357
46.7000000000004,-0.705,5.367
46.8000000000004,0.018,5.154
46.9000000000004,0.730,4.847
47.0000000000004,0.999,4.632
47.1000000000004,0.662,4.640
47.2000000000004,-0.076,4.867
47.3000000000004,-0.768,5.174
47.4000000000004,-0.994,5.377
47.5000000000004,-0.617,5.351
47.6000000000004,0.134,5.112
47.7000000000004,0.804,4.806
47.8000000000004,0.987,4.618
47.9000000000004,0.570,4.661
48.0000000000004,-0.192,4.910
48.1000000000004,-0.838,5.213
48.2000000000004,-0.975,5.387
48.3000000000004,-0.522,5.326
48.4000000000004,0.249,5.067
48.5000000000004,0.868,4.767
48.6000000000004,0.961,4.609
48.7000000000004,0.471,4.687
48.8000000000004,-0.305,4.956
48.9000000000004,-0.896,5.251
49.0000000000004,-0.943,5.394
49.1000000000004,-0.419,5.298
49.2000000000004,0.360,5.021
49.3000000000004,0.920,4.731
49.4000000000004,0.922,4.605
49.5000000000004,0.365,4.718
49.6000000000004,-0.414,5.002
49.7000000000004,-0.941,5.285
49.8000000000004,-0.898,5.395
49.9000000000004,-0.310,5.266
50.0000000000004,0.466,4.975
50.1000000000004,0.959,4.700
50.2000000000004,0.871,4.606
50.3000000000004,0.254,4.752
50.4000000000004,-0.517,5.048
50.5000000000004,-0.974,5.315
50.6000000000004,-0.841,5.391
50.7000000000005,-0.197,5.230
50.8000000000005,0.566,4.929
50.9000000000005,0.986,4.672
51.0000000000005,0.807,4.613
51.1000000000005,0.139,4.789
51.2000000000005,-0.613,5.093
51.3000000000005,-0.994,5.341
51.4000000000005,-0.772,5.381
51.5000000000005,-0.081,5.191
51.6000000000005,0.658,4.884
51.7000000000005,0.999,4.648
51.8000000000005,0.733,4.625
51.9000000000005,0.023,4.830
52.0000000000005,-0.701,5.138
52.1000000000005,-1.000,5.362
52.2000000000005,-0.692,5.367
52.3000000000005,0.035,5.149
52.4000000000005,0.742,4.841
52.5000000000005,0.998,4.630
52.6000000000005,0.649,4.643
52.7000000000005,-0.094,4.873
52.8000000000005,-0.779,5.180
52.9000000000005,-0.992,5.378
53.0000000000005,-0.603,5.347
53.1000000000005,0.152,5.105
53.2000000000005,0.815,4.800
53.3000000000005,0.984,4.616
53.4000000000005,0.556,4.665
53.5000000000005,-0.209,4.917
53.6000000000005,-0.847,5.220
53.7000000000005,-0.971,5.389
53.8000000000005,-0.506,5.322
53.9000000000005,0.266,5.060
54.0000000000005,0.877,4.762
54.1000000000005,0.956,4.608
54.2000000000005,0.455,4.692
54.3000000000005,-0.322,4.963
54.4000000000005,-0.903,5.256
54.5000000000005,-0.937,5.395
54.6000000000005,-0.402,5.293
54.7000000000005,0.376,5.014
54.8000000000005,0.927,4.726
54.9000000000005,0.915,4.605
55.0000000000005,0.348,4.723
55.1000000000005,-0.430,5.009
55.2000000000005,-0.947,5.290
55.3000000000005,-0.890,5.395
55.4000000000005,-0.293,5.260
55.5000000000005,0.482,4.968
55.6000000000005,0.964,4.695
55.7000000000005,0.862,4.607
55.8000000000005,0.237,4.757
55.9000000000005,-0.532,5.055
56.0000000000005,-0.978,5.319
56.1000000000005,-0.831,5.390
56.2000000000005,-0.180,5.224
56.3000000000005,0.581,4.922
56.4000000000005,0.989,4.668
56.5000000000005,0.797,4.615
56.6000000000005,0.122,4.795
56.7000000000005,-0.627,5.100
56.8000000000005,-0.996,5.344
56.9000000000005,-0.760,5.379
57.0000000000005,-0.064,5.185
57.1000000000005,0.672,4.878
57.2000000000005,0.999,4.645
57.3000000000005,0.721,4.628
57.4000000000005,0.005,4.836
57.5000000000005,-0.714,5.144
57.6000000000005,-1.000,5.365
57.7000000000005,-0.679,5.364
57.8000000000006,0.053,5.143
57.9000000000006,0.753,4.835
58.0000000000006,0.997,4.627
58.1000000000006,0.635,4.646
58.2000000000006,-0.111,4.879
58.3000000000006,-0.790,5.186
58.4000000000006,-0.990,5.380
58.5000000000006,-0.589,5.343
58.6000000000006,0.169,5.099
58.7000000000006,0.825,4.794
58.8000000000006,0.980,4.614
58.9000000000006,0.541,4.669
59.0000000000006,-0.226,4.924
59.1000000000006,-0.856,5.225
59.2000000000006,-0.967,5.390
59.3000000000006,-0.491,5.318
59.4000000000006,0.283,5.053
59.5000000000006,0.885,4.756
59.6000000000006,0.951,4.607
59.7000000000006,0.439,4.696
59.8000000000006,-0.338,4.970
59.9000000000006,0.000,5.262
60.0000000000006,0.000,5.395
60.1000000000006,0.000,5.430
60.2000000000006,0.000,5.380
60.3000000000006,0.000,5.271
60.4000000000006,0.000,5.135
60.5000000000006,0.000,5.002
60.6000000000006,0.000,4.895
60.7000000000006,0.000,4.829
60.8000000000006,0.000,4.808
60.9000000000006,0.000,4.825
61.0000000000006,0.000,4.871
61.1000000000006,0.000,4.931
61.2000000000006,0.000,4.991
61.3000000000006,0.000,5.041
61.4000000000006,0.000,5.073
61.5000000000006,0.000,5.086
61.6000000000006,0.000,5.080
61.7000000000006,0.000,5.061
61.8000000000006,0.000,5.035
61.9000000000006,0.000,5.008
62.0000000000006,0.000,4.985
62.1000000000006,0.000,4.969
62.2000000000006,0.000,4.962
62.3000000000006,0.000,4.963
62.4000000000006,0.000,4.971
62.5000000000006,0.000,4.982
62.6000000000006,0.000,4.995
62.7000000000006,0.000,5.006
62.8000000000006,0.000,5.013
62.9000000000006,0.000,5.017
63.0000000000006,0.000,5.017
63.1000000000006,0.000,5.014
63.2000000000006,0.000,5.009
63.3000000000006,0.000,5.003
63.4000000000006,0.000,4.998
63.5000000000006,0.000,4.995
63.6000000000006,0.000,4.993
63.7000000000006,0.000,4.992
63.8000000000006,0.000,4.994
63.9000000000006,0.000,4.996
64.0000000000006,0.000,4.998
64.1000000000006,0.000,5.001
64.2000000000006,0.000,5.002
64.3000000000006,0.000,5.003
64.4000000000006,0.000,5.003
64.5000000000006,0.000,5.003
64.6000000000006,0.000,5.002
64.7000000000006,0.000,5.001
64.8000000000006,0.000,5.000
64.9000000000006,0.000,4.999
65.0000000000006,0.000,4.999
65.1000000000006,0.000,4.998
65.2000000000006,0.000,4.999
65.3000000000006,0.000,4.999
65.4000000000006,0.000,5.000
65.5000000000006,0.000,5.000
65.6000000000005,0.000,5.000
65.7000000000005,0.000,5.001
65.8000000000005,0.000,5.001
65.9000000000005,0.000,5.001
66.0000000000005,0.000,5.000
66.1000000000005,0.000,5.000
66.2000000000005,0.000,5.000
66.3000000000005,0.000,5.000
66.4000000000005,0.000,5.000
66.5000000000005,0.000,5.000
66.6000000000005,0.000,5.000
66.7000000000005,0.000,5.000
66.8000000000005,0.000,5.000
66.9000000000005,0.000,5.000
67.0000000000005,0.000,5.000
67.1000000000005,0.000,5.000
67.2000000000005,0.000,5.000
67.3000000000005,0.000,5.000
67.4000000000004,0.000,5.000
67.5000000000004,0.000,5.000
67.6000000000004,0.000,5.000
67.7000000000004,0.000,5.000
67.8000000000004,0.000,5.000
67.9000000000004,0.000,5.000
68.0000000000004,0.000,5.000
68.1000000000004,0.000,5.000
68.2000000000004,0.000,5.000
68.3000000000004,0.000,5.000
68.4000000000004,0.000,5.000
68.5000000000004,0.000,5.000
68.6000000000004,0.000,5.000
68.7000000000004,0.000,5.000
68.8000000000004,0.000,5.000
68.9000000000004,0.000,5.000
69.0000000000004,0.000,5.000
69.1000000000003,0.000,5.000
69.2000000000003,0.000,5.000
69.3000000000003,0.000,5.000
69.4000000000003,0.000,5.000
69.5000000000003,0.000,5.000
69.6000000000003,0.000,5.000
69.7000000000003,0.000,5.000
69.8000000000003,0.000,5.000
69.9000000000003,0.000,5.000
70.0000000000003,0.000,5.000
70.1000000000003,0.000,5.000
70.2000000000003,0.000,5.000
70.3000000000003,0.000,5.000
70.4000000000003,0.000,5.000
70.5000000000003,0.000,5.000
70.6000000000003,0.000,5.000
70.7000000000003,0.000,5.000
70.8000000000003,0.000,5.000
70.9000000000002,0.000,5.000
71.0000000000002,0.000,5.000
71.1000000000002,0.000,5.000
71.2000000000002,0.000,5.000
71.3000000000002,0.000,5.000
71.4000000000002,0.000,5.000
71.5000000000002,0.000,5.000
71.6000000000002,0.000,5.000
71.7000000000002,0.000,5.000
71.8000000000002,0.000,5.000
71.9000000000002,0.000,5.000
72.0000000000002,0.000,5.000
72.1000000000002,0.000,5.000
72.2000000000002,0.000,5.000
72.3000000000002,0.000,5.000
72.4000000000002,0.000,5.000
72.5000000000002,0.000,5.000
72.6000000000002,0.000,5.000
72.7000000000001,0.000,5.000
72.8000000000001,0.000,5.000
72.9000000000001,0.000,5.000
73.0000000000001,0.000,5.000
73.1000000000001,0.000,5.000
73.2000000000001,0.000,5.000
73.3000000000001,0.841,5.000
73.4000000000001,0.909,5.000
73.5000000000001,0.141,5.130
73.6000000000001,-0.757,5.352
73.7000000000001,-0.959,5.487
73.8000000000001,-0.279,5.389
73.9000000000001,0.657,5.092
74.0000000000001,0.989,4.795
74.1000000000001,0.412,4.696
74.2000000000001,-0.544,4.826
74.3000000000001,-1.000,5.025
74.4,-0.537,5.095
74.5,0.420,4.979
74.6,0.991,4.807
74.7,0.650,4.769
74.8,-0.288,4.935
74.9,-0.961,5.180
75,-0.751,5.298
75.1,0.150,5.189
75.2,0.913,4.952
75.3,0.837,4.794
75.4,-0.009,4.847
75.5,-0.846,5.047
75.6,-0.906,5.196
75.7,-0.132,5.149
75.8,0.763,4.944
75.9,0.956,4.770
76,0.271,4.791
76.1,-0.664,4.993
76.1999999999999,-0.988,5.199
76.2999999999999,-0.404,5.223
76.3999999999999,0.551,5.050
76.4999999999999,1.000,4.839
76.5999999999999,0.529,4.786
76.6999999999999,-0.428,4.937
76.7999999999999,-0.992,5.151
76.8999999999999,-0.644,5.228
76.9999999999999,0.296,5.095
77.0999999999999,0.964,4.871
77.1999999999999,0.745,4.762
77.2999999999999,-0.159,4.867
77.3999999999999,-0.917,5.091
77.4999999999999,-0.832,5.228
77.5999999999999,0.018,5.155
77.6999999999999,0.851,4.939
77.7999999999999,0.902,4.780
77.8999999999998,0.124,4.826
77.9999999999998,-0.768,5.033
78.0999999999998,-0.954,5.212
78.1999999999998,-0.262,5.197
78.2999999999998,0.670,5.002
78.3999999999998,0.987,4.805
78.4999999999998,0.396,4.787
78.5999999999998,-0.559,4.964
78.6999999999998,-1.000,5.173
78.7999999999998,-0.522,5.222
78.8999999999998,0.436,5.066
78.9999999999998,0.993,4.849
79.0999999999998,0.637,4.770
79.1999999999998,-0.305,4.903
79.2999999999998,-0.966,5.125
79.3999999999998,-0.739,5.233
79.4999999999998,0.167,5.127
79.5999999999998,0.920,4.904
79.6999999999997,0.827,4.770
79.7999999999997,-0.027,4.847
79.8999999999997,-0.856,5.065
79.9999999999997,-0.898,5.222
80.0999999999997,-0.115,5.175
80.1999999999997,0.774,4.967
80.2999999999997,0.951,4.789
80.3999999999997,0.254,4.805
80.4999999999997,-0.677,5.000
80.5999999999997,-0.985,5.196
80.6999999999997,-0.388,5.211
80.7999999999997,0.566,5.033
80.8999999999997,1.000,4.824
80.9999999999997,0.514,4.777
81.0999999999997,-0.444,4.935
81.1999999999997,-0.994,5.153
81.2999999999997,-0.630,5.230
81.3999999999997,0.313,5.096
81.4999999999996,0.968,4.874
81.5999999999996,0.733,4.768
81.6999999999996,-0.176,4.875
81.7999999999996,-0.923,5.098
81.8999999999996,-0.822,5.230
81.9999999999996,0.035,5.151
82.0999999999996,0.860,4.933
82.1999999999996,0.894,4.777
82.2999999999996,0.106,4.826
82.3999999999996,-0.779,5.035
82.4999999999996,-0.948,5.212
82.5999999999996,-0.245,5.194
82.6999999999996,0.683,4.998
82.7999999999996,0.984,4.803
82.8999999999996,0.380,4.790
82.9999999999996,-0.573,4.969
83.0999999999996,-0.999,5.177
83.1999999999995,-0.506,5.222
83.2999999999995,0.452,5.063
83.3999999999995,0.995,4.846
83.4999999999995,0.623,4.771
83.5999999999995,-0.322,4.906
83.6999999999995,-0.971,5.128
83.7999999999995,-0.727,5.232
83.8999999999995,0.185,5.123
83.9999999999995,0.927,4.900
84.0999999999995,0.817,4.770
84.1999999999995,-0.044,4.851
84.2999999999995,-0.865,5.069
84.3999999999995,-0.890,5.224
84.4999999999995,-0.097,5.173
84.5999999999995,0.785,4.963
84.6999999999995,0.945,4.787
84.7999999999995,0.237,4.807
84.8999999999995,-0.690,5.004
84.9999999999994,-0.982,5.198
85.0999999999994,-0.371,5.209
85.1999999999994,0.581,5.029
85.2999999999994,0.999,4.822
85.3999999999994,0.499,4.779
85.4999999999994,-0.460,4.939
85.5999999999994,-0.996,5.156
85.6999999999994,-0.616,5.229
85.7999999999994,0.330,5.092
85.8999999999994,0.973,4.870
85.9999999999994,0.721,4.768
86.0999999999994,-0.193,4.879
86.1999999999994,-0.930,5.101
86.2999999999994,-0.812,5.231
86.3999999999994,0.053,5.148
86.4999999999994,0.869,4.929
86.5999999999994,0.886,4.776
86.6999999999993,0.088,4.828
86.7999999999993,-0.790,5.039
86.8999999999993,-0.943,5.214
86.9999999999993,-0.228,5.192
87.0999999999993,0.696,4.994
87.1999999999993,0.980,4.801
87.2999999999993,0.363,4.792
87.3999999999993,-0.588,4.973
87.4999999999993,-0.998,5.180
87.5999999999993,-0.491,5.221
87.6999999999993,0.468,5.059
87.7999999999993,0.996,4.843
87.8999999999993,0.609,4.771
87.9999999999993,-0.338,4.910
88.0999999999993,-0.975,5.132
88.1999999999993,-0.715,5.232
88.2999999999993,0.202,5.119
88.3999999999993,0.933,4.897
88.4999999999992,0.806,4.769
88.5999999999992,-0.062,4.854
88.6999999999992,-0.873,5.073
88.7999999999992,-0.882,5.225
88.8999999999992,-0.080,5.170
88.9999999999992,0.796,4.959
89.0999999999992,0.940,4.786
89.1999999999992,0.219,4.809
89.2999999999992,-0.702,5.008
89.3999999999992,-0.978,5.200
89.4999999999992,-0.355,5.208
89.5999999999992,0.595,5.024
89.6999999999992,0.998,4.819
89.7999999999992,0.483,4.780
89.8999999999992,-0.476,4.943
89.9999999999992,-0.997,5.159
90.0999999999992,-0.602,5.228
90.1999999999992,0.347,5.088
90.2999999999991,0.977,4.867
90.3999999999991,0.709,4.768
90.4999999999991,-0.211,4.883
90.5999999999991,-0.936,5.105
90.6999999999991,-0.801,5.231
90.7999999999991,0.071,5.145
90.8999999999991,0.878,4.925
90.9999999999991,0.878,4.775
91.0999999999991,0.071,4.831
91.1999999999991,-0.801,5.043
91.2999999999991,-0.936,5.215
91.3999999999991,-0.211,5.190
91.4999999999991,0.709,4.990
91.5999999999991,0.977,4.799
91.6999999999991,0.347,4.793
91.7999999999991,-0.602,4.978
91.8999999999991,-0.997,5.182
91.999999999999,-0.476,5.219
92.099999999999,0.483,5.055
92.199999999999,0.998,4.840
92.299999999999,0.595,4.772
92.399999999999,-0.355,4.914
92.499999999999,-0.978,5.135
92.599999999999,-0.702,5.232
92.699999999999,0.219,5.116
92.799999999999,0.940,4.893
92.899999999999,0.796,4.769
92.999999999999,0.000,4.857
93.099999999999,0.000,5.077
93.199999999999,0.000,5.238
93.299999999999,0.000,5.324
93.399999999999,0.000,5.334
93.499999999999,0.000,5.281
93.599999999999,0.000,5.188
93.699999999999,0.000,5.080
93.7999999999989,0.000,4.979
93.8999999999989,0.000,4.902
93.9999999999989,0.000,4.859
94.0999999999989,0.000,4.850
94.1999999999989,0.000,4.870
94.2999999999989,0.000,4.909
94.3999999999989,0.000,4.957
94.4999999999989,0.000,5.003
94.5999999999989,0.000,5.040
94.6999999999989,0.000,5.061
94.7999999999989,0.000,5.068
94.8999999999989,0.000,5.060
94.9999999999989,0.000,5.044
95.0999999999989,0.000,5.022
95.1999999999989,0.000,5.001
95.2999999999989,0.000,4.984
95.3999999999989,0.000,4.974
95.4999999999988,0.000,4.970
95.5999999999988,0.000,4.972
95.6999999999988,0.000,4.979
95.7999999999988,0.000,4.989
95.8999999999988,0.000,4.998
95.9999999999988,0.000,5.006
96.0999999999988,0.000,5.011
96.1999999999988,0.000,5.013
96.2999999999988,0.000,5.013
96.3999999999988,0.000,5.010
96.4999999999988,0.000,5.006
96.5999999999988,0.000,5.001
96.6999999999988,0.000,4.998
96.7999999999988,0.000,4.995
96.8999999999988,0.000,4.994
96.9999999999988,0.000,4.994
97.0999999999988,0.000,4.995
97.1999999999988,0.000,4.997
97.2999999999987,0.000,4.999
97.3999999999987,0.000,5.001
97.4999999999987,0.000,5.002
97.5999999999987,0.000,5.003
97.6999999999987,0.000,5.003
97.7999999999987,0.000,5.002
97.8999999999987,0.000,5.001
97.9999999999987,0.000,5.001
98.0999999999987,0.000,5.000
98.1999999999987,0.000,4.999
98.2999999999987,0.000,4.999
98.3999999999987,0.000,4.999
98.4999999999987,0.000,4.999
98.5999999999987,0.000,4.999
98.6999999999987,0.000,5.000
98.7999999999987,0.000,5.000
98.8999999999987,0.000,5.000
98.9999999999986,0.000,5.001
99.0999999999986,0.000,5.001
99.1999999999986,0.000,5.000
99.2999999999986,0.000,5.000
99.3999999999986,0.000,5.000
99.4999999999986,0.000,5.000
99.5999999999986,0.000,5.000
99.6999999999986,0.000,5.000
99.7999999999986,0.000,5.000
99.8999999999986,0.000,5.000
99.9999999999986,0.000,5.000
100.099999999999,0.000,5.000
100.199999999999,0.000,5.000
100.299999999999,0.000,5.000
100.399999999999,0.000,5.000
100.499999999999,0.000,5.000
100.599999999999,0.000,5.000
100.699999999999,0.000,5.000
100.799999999999,0.000,5.000
100.899999999999,0.000,5.000
100.999999999999,0.000,5.000
101.099999999999,0.000,5.000
101.199999999999,0.000,5.000
101.299999999999,0.000,5.000
101.399999999999,0.000,5.000
101.499999999999,0.000,5.000
101.599999999999,0.000,5.000
101.699999999998,0.000,5.000
101.799999999998,0.000,5.000
101.899999999998,0.000,5.000
101.999999999998,0.000,5.000
102.099999999998,0.000,5.000
102.199999999998,0.000,5.000
102.299999999998,0.000,5.000
102.399999999998,0.000,5.000
102.499999999998,0.000,5.000
102.599999999998,0.000,5.000
102.699999999998,0.000,5.000
102.799999999998,0.000,5.000
102.899999999998,0.000,5.000
102.999999999998,0.000,5.000
103.099999999998,0.000,5.000
103.199999999998,0.000,5.000
103.299999999998,0.000,5.000
103.399999999998,0.000,5.000
103.499999999998,0.000,5.000
103.599999999998,0.000,5.000
103.699999999998,0.000,5.000
103.799999999998,0.000,5.000
103.899999999998,0.000,5.000
103.999999999998,0.000,5.000
104.099999999998,0.000,5.000
104.199999999998,0.932,5.000
104.299999999998,0.675,5.000
104.399999999998,-0.443,5.144
104.499999999998,-0.996,5.338
104.599999999998,-0.279,5.363
104.699999999998,0.794,5.163
104.799999999998,0.855,4.930
104.899999999998,-0.174,4.880
104.999999999998,-0.981,4.994
105.099999999998,-0.537,5.059
105.199999999998,0.592,4.949
105.299999999998,0.966,4.786
105.399999999998,0.108,4.787
105.499999999998,-0.888,4.976
105.599999999998,-0.751,5.148
105.699999999998,0.343,5.121
105.799999999998,1.000,4.961
105.899999999998,0.381,4.893
105.999999999998,-0.723,5.014
106.099999999998,-0.906,5.166
106.199999999998,0.067,5.146
106.299999999998,0.954,4.963
106.399999999998,0.624,4.834
106.499999999998,-0.502,4.909
106.599999999998,-0.988,5.082
106.699999999998,-0.214,5.128
106.799999999998,0.833,4.988
106.899999999998,0.818,4.845
106.999999999998,-0.240,4.888
107.099999999998,-0.992,5.070
107.199999999998,-0.479,5.165
107.299999999998,0.645,5.057
107.399999999998,0.946,4.887
107.499999999998,0.041,4.871
107.599999999998,-0.917,5.028
107.699999999998,-0.705,5.155
107.799999999998,0.406,5.086
107.899999999998,0.999,4.907
107.999999999998,0.318,4.843
108.099999999998,-0.768,4.975
108.199999999998,-0.875,5.135
108.299999999998,0.134,5.118
108.399999999998,0.972,4.949
108.499999999998,0.570,4.843
108.599999999998,-0.559,4.938
108.699999999998,-0.975,5.113
108.799999999998,-0.148,5.146
108.899999999998,0.868,4.995
108.999999999998,0.777,4.852
109.099999999998,-0.305,4.899
109.199999999998,-0.998,5.076
109.299999999998,-0.419,5.156
109.399999999998,0.695,5.037
109.499999999998,0.922,4.870
109.599999999998,-0.027,4.868
109.699999999998,-0.941,5.034
109.799999999998,-0.656,5.155
109.899999999998,0.466,5.079
109.999999999998,0.993,4.901
110.099999999998,0.254,4.850
110.199999999998,-0.810,4.990
110.299999999998,-0.841,5.143
110.399999999998,0.200,5.114
110.499999999998,0.986,4.940
110.599999999998,0.514,4.843
110.699999999998,-0.613,4.946
110.799999999998,-0.958,5.118
110.899999999998,-0.081,5.139
110.999999999998,0.899,4.982
111.099999999998,0.733,4.848
111.199999999998,-0.368,4.907
111.299999999998,-1.000,5.085
111.399999999998,-0.357,5.154
111.499999999998,0.742,5.027
111.599999999998,0.894,4.865
111.699999999998,-0.094,4.875
111.799999999998,-0.962,5.045
111.899999999998,-0.603,5.157
111.999999999998,0.525,5.069
112.099999999998,0.984,4.893
112.199999999998,0.188,4.853
112.299999999998,-0.847,5.000
112.399999999998,-0.802,5.147
112.499999999998,0.266,5.106
112.599999999998,0.995,4.930
112.699999999998,0.455,4.843
112.799999999998,-0.665,4.956
112.899999999998,-0.937,5.125
112.999999999998,-0.014,5.134
113.099999999998,0.927,4.972
113.199999999998,0.686,4.845
113.299999999998,-0.430,4.916
113.399999999998,-0.997,5.094
113.499999999998,-0.293,5.152
113.599999999998,0.785,5.017
113.699999999998,0.862,4.860
113.799999999998,-0.160,4.882
113.899999999998,-0.978,5.055
113.999999999998,-0.548,5.158
114.099999999998,0.000,5.060
114.199999999998,0.000,4.886
114.299999999998,0.000,4.768
114.399999999998,0.000,4.715
114.499999999998,0.000,4.725
114.599999999998,0.000,4.783
114.699999999998,0.000,4.868
114.799999999998,0.000,4.960
114.899999999998,0.000,5.041
114.999999999998,0.000,5.098
115.099999999998,0.000,5.126
115.199999999998,0.000,5.125
115.299999999998,0.000,5.102
115.399999999998,0.000,5.065
115.499999999998,0.000,5.024
115.599999999998,0.000,4.986
115.699999999998,0.000,4.959
115.799999999998,0.000,4.945
115.899999999998,0.000,4.943
115.999999999998,0.000,4.952
116.099999999998,0.000,4.968
116.199999999998,0.000,4.987
116.299999999998,0.000,5.004
116.399999999998,0.000,5.017
116.499999999998,0.000,5.024
116.599999999998,0.000,5.026
116.699999999998,0.000,5.022
116.799999999998,0.000,5.015
116.899999999998,0.000,5.007
116.999999999998,0.000,4.999
117.099999999998,0.000,4.993
117.199999999998,0.000,4.990
117.299999999998,0.000,4.989
117.399999999998,0.000,4.990
117.499999999998,0.000,4.993
117.599999999998,0.000,4.996
117.699999999998,0.000,5.000
117.799999999998,0.000,5.003
117.899999999998,0.000,5.005
117.999999999998,0.000,5.005
118.099999999998,0.000,5.005
118.199999999998,0.000,5.004
118.299999999998,0.000,5.002
118.399999999998,0.000,5.000
118.499999999998,0.000,4.999
118.599999999998,0.000,4.998
118.699999999998,0.000,4.998
118.799999999998,0.000,4.998
118.899999999998,0.000,4.998
118.999999999998,0.000,4.999
119.099999999998,0.000,5.000
119.199999999998,0.000,5.000
119.299999999997,0.000,5.001
119.399999999997,0.000,5.001
119.499999999997,0.000,5.001
119.599999999997,0.000,5.001
119.699999999997,0.000,5.000
119.799999999997,0.000,5.000
119.899999999997,0.000,5.000
119.999999999997,0.000,5.000
120.099999999997,0.000,5.000
120.199999999997,0.000,5.000
120.299999999997,0.000,5.000
120.399999999997,0.000,5.000
120.499999999997,0.000,5.000
120.599999999997,0.000,5.000
120.699999999997,0.000,5.000
120.799999999997,0.997,5.000
120.899999999997,0.141,5.000
120.999999999997,-0.978,5.155
121.099999999997,-0.279,5.272
121.199999999997,0.938,5.165
121.299999999997,0.412,5.006
121.399999999997,-0.880,5.024
121.499999999997,-0.537,5.097
121.599999999997,0.804,5.002
121.699999999997,0.650,4.843
121.799999999997,-0.712,4.868
121.899999999997,-0.751,5.014
121.999999999997,0.606,5.017
122.099999999997,0.837,4.900
122.199999999997,-0.487,4.919
122.299999999997,-0.906,5.078
122.399999999997,0.359,5.115
122.499999999997,0.956,4.984
0.1,-0.224,4.938
0.2,-0.988,5.060
0.3,0.084,5.113
0.4,1.000,4.981
0.5,0.057,4.892
0.6,-0.992,4.996
0.7,-0.198,5.088
0.8,0.964,4.992
0.9,0.334,4.886
1,-0.917,4.972
1.1,-0.464,5.097
1.2,0.851,5.037
1.3,0.584,4.911
1.4,-0.768,4.958
1.5,-0.693,5.094
1.6,0.670,5.066
1.7,0.788,4.925
1.8,-0.559,4.929
1.9,-0.867,5.068
2,0.436,5.079
2.1,0.928,4.940
2.2,-0.305,4.907
2.3,-0.972,5.042
2.4,0.167,5.094
2.5,0.995,4.969
2.6,-0.027,4.900
2.7,-0.999,5.017
2.8,-0.115,5.104
2.9,0.983,4.999
3,0.254,4.898
3.1,-0.947,4.988
3.2,-0.388,5.102
3.3,0.892,5.027
3.4,0.514,4.902
3.5,-0.819,4.959
3.6,-0.630,5.091
3.7,0.730,5.053
3.8,0.733,4.916
3.9,-0.626,4.934
4,-0.822,5.075
4.1,0.510,5.076
4.2,0.894,4.936
4.3,-0.384,4.915
4.4,-0.948,5.052
4.5,0.250,5.093
4.6,0.984,4.961
4.7,-0.110,4.902
4.8,-0.999,5.025
4.9,-0.031,5.101
5,0.995,4.989
5.1,0.172,4.897
5.2,-0.971,4.996
5.3,-0.309,5.102
5.4,0.927,5.018
5.5,0.440,4.900
5.6,-0.865,4.967
5.7,-0.562,5.095
5.8,0.785,5.046
5.9,0.673,4.911
5.99999999999999,-0.690,4.941
6.09999999999999,-0.771,5.080
6.19999999999999,0.581,5.070
6.29999999999999,0.853,4.929
6.39999999999999,-0.460,4.920
6.49999999999999,-0.918,5.059
6.59999999999999,0.330,5.088
6.69999999999999,0.965,4.953
6.79999999999999,-0.193,4.905
6.89999999999999,-0.992,5.033
6.99999999999999,0.053,5.100
7.09999999999999,1.000,4.981
7.19999999999999,0.088,4.898
7.29999999999999,-0.987,5.005
7.39999999999999,-0.228,5.103
7.49999999999999,0.955,5.010
7.59999999999999,0.363,4.898
7.69999999999999,-0.904,4.976
7.79999999999999,-0.491,5.098
7.89999999999999,0.834,5.038
7.99999999999999,0.609,4.907
8.09999999999999,-0.748,4.949
8.19999999999999,-0.715,5.086
8.29999999999999,0.647,5.063
8.39999999999999,0.806,4.923
8.49999999999999,-0.533,4.926
8.59999999999999,-0.882,5.066
8.69999999999999,0.408,5.084
8.79999999999998,0.940,4.946
8.89999999999998,-0.275,4.909
8.99999999999998,-0.978,5.041
9.09999999999998,0.137,5.097
9.19999999999998,0.998,4.972
9.29999999999998,0.004,4.899
9.39999999999998,-0.997,5.013
9.49999999999998,-0.145,5.103
9.59999999999998,0.977,5.001
9.69999999999998,0.284,4.897
9.79999999999998,-0.936,4.984
9.89999999999998,-0.416,5.100
9.99999999999998,0.878,5.030
